{
  "fabricas": [
    {
      "fabrica": {
        "id": 1,
        "nome": "JMN SEMI JOIAS - ATACADO DE SEMIJOIAS",
        "url": "https://fabrica.prometas.store",
        "status": "ativo",
        "ultima_atualizacao": "2025-08-19 20:14:32",
        "email_contato": "contato@jmnsemijoias.com.br"
      },
      "estatisticas_globais": {
        "total_vendas_mes_atual": 127,
        "faturamento_total_mes_atual": 45230.50,
        "produtos_total_sincronizados": 245,
        "ticket_medio_global": 356.14,
        "crescimento_mensal": 18.5,
        "revendedores_novos_mes": 2
      },
      "produto_campeao_geral": {
        "id": 45,
        "nome": "Conjunto Delicado Dourado",
        "vendas_totais": 89,
        "faturamento_total": 12450.00,
        "vendas_mes_atual": 23,
        "revendedores_vendendo": 4
      },
      "revendedores": [
        {
          "id": 1,
          "nome": "LOJA BELLA ACESSÓRIOS",
          "url": "https://bellaacessorios.com.br",
          "ativo": true,
          "status": "ativo",
          "ultima_sync": "2025-08-19 19:30:00",
          "criado_em": "2025-08-10 14:20:13",
          "percentual_acrescimo": 25.0,
          "url_fabrica_vinculada": "https://fabrica.prometas.store",
          "fabrica_id": 1,
          "estatisticas_mes_atual": {
            "vendas_quantidade": 45,
            "faturamento_total": 18750.00,
            "produtos_sincronizados": 89,
            "ticket_medio": 416.67
          },
          "estatisticas_gerais": {
            "total_vendas_historico": 287,
            "status_vendas": {
              "vendas_pendentes": 2,
              "vendas_processando": 5,
              "vendas_concluidas": 38,
              "vendas_canceladas": 0,
              "vendas_reembolsadas": 0
            },
            "taxa_conversao": "18%",
            "cliente_fidelidade": "42%"
          },
          "top_5_produtos": [
            {
              "id": 45,
              "nome": "Conjunto Delicado Dourado",
              "vendas": 12,
              "faturamento": 1680.00,
              "posicao": 1
            },
            {
              "id": 23,
              "nome": "Brinco Argola Premium",
              "vendas": 8,
              "faturamento": 1200.00,
              "posicao": 2
            },
            {
              "id": 67,
              "nome": "Pulseira Charm Coração",
              "vendas": 7,
              "faturamento": 980.00,
              "posicao": 3
            },
            {
              "id": 89,
              "nome": "Anel Solitário Elegante",
              "vendas": 6,
              "faturamento": 1440.00,
              "posicao": 4
            },
            {
              "id": 12,
              "nome": "Colar Gargantilha Moderna",
              "vendas": 5,
              "faturamento": 750.00,
              "posicao": 5
            }
          ],
          "ultimas_vendas": [
            {
              "id": 5647,
              "data": "2025-08-19 18:45:23",
              "valor": 450.00,
              "produto": "Brinco Argola Premium",
              "status": "concluida"
            },
            {
              "id": 5643,
              "data": "2025-08-19 15:20:10",
              "valor": 280.00,
              "produto": "Pulseira Charm Coração",
              "status": "processando"
            },
            {
              "id": 5639,
              "data": "2025-08-19 11:30:45",
              "valor": 630.00,
              "produto": "Conjunto Delicado Dourado",
              "status": "concluida"
            }
          ],
          "configuracoes": {
            "sincronizacao_automatica": true,
            "aplica_percentual_global": true,
            "notificacoes_ativas": true
          }
        },
        {
          "id": 2,
          "nome": "GLAMOUR STORE",
          "url": "https://glamourstore.shop",
          "consumer_key": "ck_8a54f7c4d23b66e5773c1f68ac202024b8312c08",
          "consumer_secret": "cs_4d27c384e9e6d4f2e18b5c47d6afe870c238b597",
          "ativo": true,
          "status": "ativo",
          "ultima_sync": "2025-08-19 20:05:00",
          "criado_em": "2025-08-15 09:45:20",
          "percentual_acrescimo": 35.0,
          "url_fabrica_vinculada": "https://fabrica.prometas.store",
          "fabrica_id": 1,
          "estatisticas_mes_atual": {
            "vendas_quantidade": 32,
            "faturamento_total": 14280.50,
            "produtos_sincronizados": 67,
            "ticket_medio": 446.27
          },
          "produto_mais_vendido": {
            "id": 23,
            "nome": "Anel Solitário Elegante",
            "vendas": 8,
            "faturamento": 2240.00
          },
          "ultimas_vendas": [
            {
              "id": 3421,
              "data": "2025-08-19 19:15:30",
              "valor": 520.00,
              "produto": "Colar Gargantilha Moderna"
            },
            {
              "id": 3418,
              "data": "2025-08-19 16:45:22",
              "valor": 380.00,
              "produto": "Brinco Gota Cristal"
            }
          ],
          "configuracoes": {
            "sincronizacao_automatica": true,
            "aplica_percentual_global": true,
            "notificacoes_ativas": true
          }
        },
        {
          "id": 3,
          "nome": "ACESSÓRIOS PREMIUM LTDA",
          "url": "https://acessoriospremium.net",
          "consumer_key": "ck_7b43e6d3c12a55f4662b0e57ba101013a7201b07",
          "consumer_secret": "cs_3c16b273d8d5c3e1d07a4b36c5bde769b127a486",
          "ativo": false,
          "status": "inativo",
          "ultima_sync": "2025-08-17 14:20:00",
          "criado_em": "2025-08-05 16:30:45",
          "percentual_acrescimo": 20.0,
          "url_fabrica_vinculada": "https://fabrica.prometas.store",
          "fabrica_id": 1,
          "estatisticas_mes_atual": {
            "vendas_quantidade": 18,
            "faturamento_total": 7800.00,
            "produtos_sincronizados": 45,
            "ticket_medio": 433.33
          },
          "produto_mais_vendido": {
            "id": 67,
            "nome": "Relógio Feminino Dourado",
            "vendas": 5,
            "faturamento": 1750.00
          },
          "ultimas_vendas": [
            {
              "id": 2843,
              "data": "2025-08-17 13:30:15",
              "valor": 350.00,
              "produto": "Pulseira Tennis"
            }
          ],
          "configuracoes": {
            "sincronizacao_automatica": false,
            "aplica_percentual_global": true,
            "notificacoes_ativas": false
          }
        }
      ],
      "metadados": {
        "total_revendedores": 3,
        "revendedores_ativos": 2,
        "data_geracao": "2025-08-19 20:14:32",
        "versao_api": "2.0"
      }
    },
    {
      "fabrica": {
        "id": 2,
        "nome": "BELLA MODA FÁBRICA",
        "url": "https://bellamoda.fabricante.com.br",
        "status": "ativo",
        "ultima_atualizacao": "2025-08-19 20:10:15",
        "email_contato": "fabrica@bellamoda.com.br"
      },
      "estatisticas_globais": {
        "total_vendas_mes_atual": 89,
        "faturamento_total_mes_atual": 32140.75,
        "produtos_total_sincronizados": 156,
        "ticket_medio_global": 361.13,
        "crescimento_mensal": 12.3,
        "revendedores_novos_mes": 1
      },
      "produto_campeao_geral": {
        "id": 78,
        "nome": "Bolsa Executiva Couro",
        "vendas_totais": 34,
        "faturamento_total": 8160.00,
        "vendas_mes_atual": 15,
        "revendedores_vendendo": 3
      },
      "revendedores": [
        {
          "id": 4,
          "nome": "MODA FEMININA EXPRESS",
          "url": "https://modafemininaexpress.com",
          "consumer_key": "ck_6c32d5b2a01944e3551a9d46ca090902b6190a06",
          "consumer_secret": "cs_2b05a162c7c4b2d0c96a3b25b4ace658a016a375",
          "ativo": true,
          "status": "ativo",
          "ultima_sync": "2025-08-19 19:45:00",
          "criado_em": "2025-08-12 10:15:30",
          "percentual_acrescimo": 40.0,
          "url_fabrica_vinculada": "https://bellamoda.fabricante.com.br",
          "fabrica_id": 2,
          "estatisticas_mes_atual": {
            "vendas_quantidade": 52,
            "faturamento_total": 20800.00,
            "produtos_sincronizados": 78,
            "ticket_medio": 400.00
          },
          "produto_mais_vendido": {
            "id": 78,
            "nome": "Bolsa Executiva Couro",
            "vendas": 9,
            "faturamento": 2160.00
          },
          "ultimas_vendas": [
            {
              "id": 8923,
              "data": "2025-08-19 19:20:45",
              "valor": 560.00,
              "produto": "Vestido Social Listrado"
            },
            {
              "id": 8919,
              "data": "2025-08-19 17:35:12",
              "valor": 340.00,
              "produto": "Blusa Estampada Floral"
            },
            {
              "id": 8915,
              "data": "2025-08-19 15:45:30",
              "valor": 720.00,
              "produto": "Conjunto Blazer + Calça"
            }
          ],
          "configuracoes": {
            "sincronizacao_automatica": true,
            "aplica_percentual_global": true,
            "notificacoes_ativas": true
          }
        },
        {
          "id": 5,
          "nome": "BOUTIQUE ELEGANCE",
          "url": "https://boutiqueelegance.net.br",
          "consumer_key": "ck_5b21c4a1900833d2440988c35b979801a5089b05",
          "consumer_secret": "cs_1a94b051b6b3a1c9b85927c14b9bd547909b264",
          "ativo": true,
          "status": "ativo",
          "ultima_sync": "2025-08-19 18:30:00",
          "criado_em": "2025-08-18 14:25:50",
          "percentual_acrescimo": 30.0,
          "url_fabrica_vinculada": "https://bellamoda.fabricante.com.br",
          "fabrica_id": 2,
          "estatisticas_mes_atual": {
            "vendas_quantidade": 37,
            "faturamento_total": 11340.75,
            "produtos_sincronizados": 52,
            "ticket_medio": 306.50
          },
          "produto_mais_vendido": {
            "id": 92,
            "nome": "Sapato Salto Alto Verniz",
            "vendas": 6,
            "faturamento": 1440.00
          },
          "ultimas_vendas": [
            {
              "id": 1234,
              "data": "2025-08-19 17:50:20",
              "valor": 480.00,
              "produto": "Vestido Festa Longo"
            },
            {
              "id": 1230,
              "data": "2025-08-19 16:20:35",
              "valor": 290.00,
              "produto": "Saia Midi Plissada"
            }
          ],
          "configuracoes": {
            "sincronizacao_automatica": true,
            "aplica_percentual_global": false,
            "notificacoes_ativas": true
          }
        }
      ],
      "metadados": {
        "total_revendedores": 2,
        "revendedores_ativos": 2,
        "data_geracao": "2025-08-19 20:10:15",
        "versao_api": "2.0"
      }
    }
  ],
  "resumo_consolidado": {
    "total_fabricas": 2,
    "total_revendedores_todas_fabricas": 5,
    "revendedores_ativos_todas_fabricas": 4,
    "faturamento_total_consolidado": 77371.25,
    "vendas_totais_consolidadas": 216,
    "ticket_medio_consolidado": 358.20,
    "data_consolidacao": "2025-08-19 20:14:32"
  }
}
